
{
    "id": "drawing-area",
    "title": "Drawing Area Display",
    "description": "Shows area of a drawing on hover",
    "author": "Xaukael",
    "version": "1.0.0",
    "minimumCoreVersion": "10",
    "compatibleCoreVersion": "10",
    "scripts": ["drawing-area.js"],
    "dependencies": [],
    "url": "https://github.com/xaukael/drawing-area/",
    "manifest": "https://github.com/xaukael/drawing-area/raw/main/module.json",
    "download": "https://github.com/xaukael/drawing-area/raw/main/drawing-area.zip"
}