
{
    "id": "drawing-area",
    "title": "Drawing Area Display",
    "description": "Shows area of a drawing on hover",
    "authors": [{"name":"Xaukael"}],
    "version": "1.0.1",
    "compatibility": {
        "minimum": "10",
        "verified": "10"
      },
    "scripts": ["drawing-area.js"],
    "url": "https://github.com/xaukael/drawing-area/",
    "manifest": "https://github.com/xaukael/drawing-area/raw/main/module.json",
    "download": "https://github.com/xaukael/drawing-area/raw/main/drawing-area.zip"
}